cohort,gene,histology_raw,histology,n,n_groups,rho,p_trend,p_kruskal,q_trend
GSE130970,COL1A1,cytological.ballooning.grade,ballooning grade,78,3,0.416187807581095,0.000150777438642936,0.00105135881106041,0.00126423914882811
GSE130970,COL1A1,fibrosis.stage,fibrosis stage,78,5,0.424742940816834,0.00010623886689995,0.000876938844769123,0.00126423914882811
GSE135251,COL1A1,fibrosis.stage,fibrosis stage,216,5,0.45999662873482,0.00000000000104314813729159,0.0000000018090620266671,0.0000000000751066658849942
GSE162694,COL1A1,fibrosis.stage,fibrosis stage,99,5,0.212232971298116,0.0349479456252541,0.0222323376728386,0.0762500631823725
GSE130970,COL1A1,lobular.inflammation.grade,lobular inflammation grade,78,3,0.264959387069667,0.0190605783154639,0.0245152644241174,0.0473228151280482
GSE130970,COL1A1,nafld.activity.score,NAFLD activity score,78,7,0.39958832744989,0.000289729915358954,0.0285317266953424,0.00208605539058447
GSE135251,COL1A1,nas.score,NAFLD activity score,216,9,0.442110939921759,0.00000000000946790824070847,0.000000506969006578667,0.000000000227229797777003
GSE162694,COL1A1,nas.score,NAFLD activity score,102,8,0.573825644616508,0.000000000289058416837733,0.00000167554463560401,0.00000000520305150307919
GSE130970,COL1A1,steatosis.grade,steatosis grade,78,4,0.168487372545971,0.140325509371157,0.423546516152632,0.240558016064841
GSE130970,CYB5R3,cytological.ballooning.grade,ballooning grade,78,3,0.312584524042527,0.00533157588218832,0.0184807628207984,0.019193673175878
GSE130970,CYB5R3,fibrosis.stage,fibrosis stage,78,5,0.245889185423506,0.0300062529372325,0.017653231709809,0.0675140691087731
GSE135251,CYB5R3,fibrosis.stage,fibrosis stage,216,5,0.0104267826830499,0.878905576612608,0.305767053302917,0.925854581557013
GSE162694,CYB5R3,fibrosis.stage,fibrosis stage,99,5,-0.220780551684513,0.0280909320557334,0.0231824131212073,0.0652434550971872
GSE130970,CYB5R3,lobular.inflammation.grade,lobular inflammation grade,78,3,0.0926943169641626,0.419564676864381,0.362938339004056,0.545463678069234
GSE130970,CYB5R3,nafld.activity.score,NAFLD activity score,78,7,0.333076139371266,0.00288495856197876,0.0226718689233405,0.011539834247915
GSE135251,CYB5R3,nas.score,NAFLD activity score,216,9,0.126796510071958,0.062854044872947,0.000184249968987613,0.122310573806816
GSE162694,CYB5R3,nas.score,NAFLD activity score,102,8,-0.130561436708297,0.190886507292825,0.00230304036879245,0.292421883512412
GSE130970,CYB5R3,steatosis.grade,steatosis grade,78,4,0.263172398405271,0.0199148187905127,0.0500696208366659,0.0477955650972305
GSE130970,FASN,cytological.ballooning.grade,ballooning grade,78,3,0.269266359033278,0.0171297208451192,0.0511065852442411,0.0456792555869845
GSE130970,FASN,fibrosis.stage,fibrosis stage,78,5,-0.0306005426603126,0.790273382445683,0.104301214313278,0.884907143658292
GSE135251,FASN,fibrosis.stage,fibrosis stage,216,5,0.0306162139732675,0.654543964809121,0.100392935907162,0.760115572036399
GSE162694,FASN,fibrosis.stage,fibrosis stage,99,5,0.0627589160806903,0.537154552161791,0.753880965756748,0.666812547511189
GSE130970,FASN,lobular.inflammation.grade,lobular inflammation grade,78,3,-0.091767373794521,0.424249527387182,0.244532112492282,0.545463678069234
GSE130970,FASN,nafld.activity.score,NAFLD activity score,78,7,0.166074390605302,0.146179008770573,0.0417108367122906,0.244764851894912
GSE135251,FASN,nas.score,NAFLD activity score,216,9,0.165889549043679,0.0146524283316715,0.000124759688908958,0.042198993595214
GSE162694,FASN,nas.score,NAFLD activity score,102,8,0.260036920349751,0.0083041354425271,0.0215062736708754,0.0259955544287805
GSE130970,FASN,steatosis.grade,steatosis grade,78,4,0.135144383847876,0.238114024708125,0.0459323095995472,0.357171037062188
GSE130970,MTARC1,cytological.ballooning.grade,ballooning grade,78,3,-0.109881863010734,0.338220971832664,0.502597275155324,0.468305960999073
GSE130970,MTARC1,fibrosis.stage,fibrosis stage,78,5,-0.323402622279006,0.00387520940142327,0.00195593771615491,0.0146850040474987
GSE135251,MTARC1,fibrosis.stage,fibrosis stage,216,5,-0.179555924758689,0.00816565306499989,0.0338605137284478,0.0259955544287805
GSE162694,MTARC1,fibrosis.stage,fibrosis stage,99,5,-0.243126916551192,0.0153141888104713,0.0114426338045869,0.0424085228597668
GSE130970,MTARC1,lobular.inflammation.grade,lobular inflammation grade,78,3,-0.341407805323795,0.00222057551938629,0.00774205336233544,0.0094047904350478
GSE130970,MTARC1,nafld.activity.score,NAFLD activity score,78,7,-0.222115159453112,0.0506438134241477,0.308408319439988,0.101287626848295
GSE135251,MTARC1,nas.score,NAFLD activity score,216,9,-0.0387651439826583,0.57096142503125,0.705743592483168,0.6851537100375
GSE162694,MTARC1,nas.score,NAFLD activity score,102,8,-0.342672777531405,0.000422613970969771,0.0111975407057071,0.00276620053725668
GSE130970,MTARC1,steatosis.grade,steatosis grade,78,4,-0.0675655286568119,0.556692912303267,0.574543346413861,0.679354062471783
GSE130970,NQO1,cytological.ballooning.grade,ballooning grade,78,3,0.26532712180556,0.0188887391223438,0.0569432883173796,0.0473228151280482
GSE130970,NQO1,fibrosis.stage,fibrosis stage,78,5,0.120444159264802,0.293539048695854,0.281800712715465,0.414408068747088
GSE135251,NQO1,fibrosis.stage,fibrosis stage,216,5,0.445844335195164,0.0000000000060379135033023,0.00000000920194444649049,0.000000000217364886118883
GSE162694,NQO1,fibrosis.stage,fibrosis stage,99,5,0.0125275075767746,0.902052542339456,0.29088519865696,0.926189691657298
GSE130970,NQO1,lobular.inflammation.grade,lobular inflammation grade,78,3,0.160556314278452,0.160250475346699,0.363913554242776,0.262228050567326
GSE130970,NQO1,nafld.activity.score,NAFLD activity score,78,7,0.202911117542727,0.0747958435182593,0.669565973151963,0.141718440350386
GSE135251,NQO1,nas.score,NAFLD activity score,216,9,0.393390204883319,0.00000000208030894371195,0.0000213699060371528,0.0000000299564487894521
GSE162694,NQO1,nas.score,NAFLD activity score,102,8,-0.0255400073127835,0.798874504691514,0.448922097660052,0.884907143658292
GSE130970,NQO1,steatosis.grade,steatosis grade,78,4,0.0106612274014693,0.926189691657298,0.660587017258649,0.926189691657298
GSE130970,PARP16,cytological.ballooning.grade,ballooning grade,78,3,0.0517613082823108,0.652663735723562,0.858326878274378,0.760115572036399
GSE130970,PARP16,fibrosis.stage,fibrosis stage,78,5,-0.0123037201357937,0.914857878677419,0.61816011585961,0.926189691657298
GSE135251,PARP16,fibrosis.stage,fibrosis stage,216,5,-0.186982484811649,0.005842762554952,0.0174235981737733,0.0200323287598354
GSE162694,PARP16,fibrosis.stage,fibrosis stage,99,5,-0.246046381600956,0.0140922435229244,0.00120855775323683,0.042198993595214
GSE130970,PARP16,lobular.inflammation.grade,lobular inflammation grade,78,3,-0.132991951602267,0.245741763474357,0.0433014417859479,0.361089938166402
GSE130970,PARP16,nafld.activity.score,NAFLD activity score,78,7,0.0203245996878522,0.859805201343119,0.363295519387904,0.925617776751709
GSE135251,PARP16,nas.score,NAFLD activity score,216,9,0.0288089501787346,0.673730270725131,0.576699059175659,0.769977452257293
GSE162694,PARP16,nas.score,NAFLD activity score,102,8,-0.329583882895068,0.000717921663855241,0.0165062362597601,0.00397618152289056
GSE130970,PARP16,steatosis.grade,steatosis grade,78,4,0.101201701108448,0.377979467832711,0.428089518190531,0.508687589478651
GSE130970,SCD,cytological.ballooning.grade,ballooning grade,78,3,0.100457271554656,0.381515692108988,0.656074899044317,0.508687589478651
GSE130970,SCD,fibrosis.stage,fibrosis stage,78,5,0.0163123515348748,0.887277307325471,0.59612533643338,0.925854581557013
GSE135251,SCD,fibrosis.stage,fibrosis stage,216,5,0.138212049681254,0.0424321479538338,0.168143298321641,0.089856313314001
GSE162694,SCD,fibrosis.stage,fibrosis stage,99,5,0.201966931177832,0.0449915202252012,0.0596963403825404,0.092553984463271
GSE130970,SCD,lobular.inflammation.grade,lobular inflammation grade,78,3,-0.0201000308364395,0.861338764477285,0.362166235482299,0.925617776751709
GSE130970,SCD,nafld.activity.score,NAFLD activity score,78,7,0.12235975730963,0.28587196703655,0.0211118269728679,0.411655632532632
GSE135251,SCD,nas.score,NAFLD activity score,216,9,0.254303660202933,0.000158029893603514,0.0000144110511121303,0.00126423914882811
GSE162694,SCD,nas.score,NAFLD activity score,102,8,-0.0778726027244443,0.436590130701471,0.261847298601135,0.551482270359752
GSE130970,SCD,steatosis.grade,steatosis grade,78,4,0.191755501349678,0.09259934259409,0.0541329912609696,0.166678816669362
GSE130970,TGFB1,cytological.ballooning.grade,ballooning grade,78,3,0.369132072778994,0.000881860350227879,0.004804906111242,0.00453528180117195
GSE130970,TGFB1,fibrosis.stage,fibrosis stage,78,5,0.351171986327427,0.00161910992021405,0.00885693967089665,0.00777172761702745
GSE135251,TGFB1,fibrosis.stage,fibrosis stage,216,5,0.0913031468961498,0.181260334725347,0.305803761485208,0.28371182826576
GSE162694,TGFB1,fibrosis.stage,fibrosis stage,99,5,0.1389908120081,0.170048748912914,0.0900938263552218,0.272077998260662
GSE130970,TGFB1,lobular.inflammation.grade,lobular inflammation grade,78,3,0.186608295993643,0.101865617233911,0.0832286973317548,0.178885961971746
GSE130970,TGFB1,nafld.activity.score,NAFLD activity score,78,7,0.379366767557667,0.000613935539824335,0.0824072249445305,0.00368361323894601
GSE135251,TGFB1,nas.score,NAFLD activity score,216,9,0.209615310232191,0.00195285306809487,0.0204987934165088,0.00878783880642689
GSE162694,TGFB1,nas.score,NAFLD activity score,102,8,0.367506053483228,0.00014484167800429,0.00880880343910907,0.00126423914882811
GSE130970,TGFB1,steatosis.grade,steatosis grade,78,4,0.20105742225746,0.0775478235433565,0.229961937758247,0.143165212695427
